name,macro_gdp_pc_pp,macro_pop,macro_urbanization_rate,macro_prepare_scaleup,macro_borrow_abi,macro_avg_prod_k,macro_T_rebuild_K,macro_pi,macro_income_elast,macro_rho,macro_shareable,macro_max_increased_spending,macro_protection,macro_fa_glofris,macro_tau_tax,n_cat_info__nonpoor,n_cat_info__poor,c_cat_info__nonpoor,c_cat_info__poor,axfin_cat_info__nonpoor,axfin_cat_info__poor,gamma_SP_cat_info__nonpoor,gamma_SP_cat_info__poor,k_cat_info__nonpoor,k_cat_info__poor,fa_cat_info__nonpoor,fa_cat_info__poor,v_cat_info__nonpoor,v_cat_info__poor,shew_cat_info__nonpoor,shew_cat_info__poor,shew_for_hazard_ratio,hazard_ratio_fa__earthquake,hazard_ratio_fa__flood,hazard_ratio_fa__surge,hazard_ratio_fa__tsunami,hazard_ratio_fa__wind,hazard_ratio_flood_poor,ratio_surge_flood,risk,resilience,risk_to_assets,id
Albania,9960.9407258136,2897366,0.57407,0,0.175,0.185279986,3,0.2,1.5,0.06,0.8,0.05,20,0.0736799394,0.1867574269,0.8,0.2,11349.2468394738,4407.7162711725,0.092387,0.07585279,1.0942428983,0.6230284068,61811.7804363313,21560.6685392575,0.0252618607,0.0238432099,0.3515,0.7,0,0,0,0.0008741839,0.0012409228,0,0,0,0.0010895907,0,0.0003073458,0.697239188,0.0002142936,ALB
Angola,7488.0117598341,21471618,0.4405,0,0.175,0.4323973905,3,0.2,1.5,0.06,0.8,0.05,20,0.0170328787,0.106132304,0.8,0.2,8854.5739060038,2021.7631751552,0.2012691,0.09179081,1.1604757422,0.3580970314,20523.1470606324,4494.5642694278,0.0032032084,0.0141632414,0.6,0.7,0,0,0,2.41498341005731E-005,0.0004060191,0,0,0,0.0021008694,0,0.0001189734,0.3128828004,3.72247453270029E-005,AGO
Argentina,18087.1962616822,41446246,0.91751,0.7333333333,0.375,0.2695495149,3,0.2,1.5,0.06,0.8,0.05,20,0.0720578166,0.1452812785,0.8,0.2,21573.5033411215,4141.9679439252,0.06037133,0.004365798,1.1711269003,0.3154923987,80282.0253528984,14379.7600918322,0.009641663,0.0105756523,0.3972539125,0.7,0.64,0.64,0.04,0.0005568755,0.000436909,0,0,0,0.0005326662,0,0.0001370875,0.5535524202,7.58850937257359E-005,ARG
Armenia,7526.8364191129,2976566,0.62673,0.4,0.425,0.3666957212,3,0.2,1.5,0.06,0.8,0.05,20,0.0380005194,0.2684700595,0.8,0.2,8583.4160814459,3300.517769781,0.01239363,0.001895716,1.0437676429,0.8249294285,24135.2090633229,6089.7097759223,0.0598655321,0.0626596319,0.2375,0.3,0.32,0.32,0.02,0.0028519059,0.0017004029,0,0,0,0.0020730796,0,0.0002147034,0.70050248,0.0001504002,ARM
Australia,42834.0167597384,23129300,0.89423,0.8,0.9166666667,0.2736023909,3,0.2,1.5,0.06,0.8,0.05,20,0.0410903678,0.1577756,0.8,0.2,49778.481726911,15056.156891048,0.6854684,0.5201536,0.9280760143,1.2876959428,188801.470088903,27572.6733164802,0.0043694696,0.0053002598,0.5386,0.7,0.8,0.8,0.05,0,0.0003986466,4.89650980709224E-005,0,1.38695240105836E-005,0.0004860178,0.1228283442,6.47442272402179E-005,0.7086424052,4.58805049147875E-005,AUS
Austria,44056.254416802,8479823,0.65968,0.8,0.8916666667,0.2322785182,3,0.2,1.5,0.06,0.8,0.05,20,0.0792192052,0.4173859217,0.8,0.2,50411.3691164257,18635.7956183073,0.5678905,0.4380794,1.1189693594,0.5241225622,220464.969658667,66489.8602224865,0.0266862329,0.0306946603,0.2395,0.57,0.8,0.8,0.05,0.0004287776,0.0007872945,0,0,0,0.0009598456,0,9.65209312499979E-005,0.7229935493,0.000069784,AUT
Azerbaijan,16593.1887600482,9416801,0.5462,0,0.25,0.5982212832,3,0.2,1.5,0.06,0.8,0.05,20,0.0571277156,0.4259311951,0.8,0.2,19055.2031423203,6745.1312309596,0.02468288,0.001134416,1.0454934229,0.8180263083,33970.3950266457,2806.1365164175,0.029143179,0.029972487,0.2375,0.3,0,0,0,0.0017894135,0.0003341354,0,0,0,0.0004073677,0,6.90191775597976E-005,0.6145413836,4.24151408713605E-005,AZE
Bangladesh,2853.4477401557,156594962,0.34277,0.7333333333,0.6166666667,0.2897089076,3,0.2,1.5,0.06,0.8,0.05,20,0.2200119999,0.0555001586,0.8,0.2,3250.0769760373,1266.9307966291,0.1823108,0.1456589,1.1364744196,0.4541023216,11219.8843779959,4367.2696288676,0.0711820379,0.0722746914,0.4155351976,0.7,0.64,0.64,0.04,0.0004549082,0.0056676922,6.14975003046058E-005,1.68179774340253E-006,0.0016134047,0.0058100965,0.0108505364,0.0009132262,0.6464365226,0.0005903428,BGD
Belarus,17054.5583344525,9466000,0.76667,0.7333333333,0.5166666667,0.3864445368,3,0.2,1.5,0.06,0.8,0.05,20,0.035635038,0.3271841204,0.8,0.2,19320.6827731429,7990.060579691,0.08594028,0.04172604,1.0739649898,0.7041400409,51260.2702274699,15618.7643257738,0.017773889,0.021669386,0.295,0.7,0.64,0.64,0.04,0,0.0022993453,0,0,0,0.002803292,0,0.0001586048,0.6224612521,9.8725341283961E-005,BLR
Belgium,40608.9720093428,11182817,0.97858,0,0.425,0.2166915174,3,0.2,1.5,0.06,0.8,0.05,20,0.1009920226,0.4232849088,0.8,0.2,46522.6535582033,16954.2458139006,0.4174232,0.4380374,1.089431555,0.6422737801,222424.562297453,47324.4014790538,0.0079517722,0.0086304399,0.27,0.46,0,0,0,0.0001873891,0.0001148751,0,0,0,0.0001400522,0,2.55693336815848E-005,0.7679302871,1.96354657553469E-005,BEL
Benin,1733.3093993644,10323474,0.4395,0.6666666667,0.25,0.3302533219,3,0.2,1.5,0.06,0.8,0.05,20,0.0438648085,0.0728554225,0.8,0.2,2033.6052528042,532.1259856049,0.1062553,0.01619615,1.2002149258,0.1991402967,6146.5922722753,1655.7499780399,0.0093943823,0.0215774033,0.6734349004,0.7,0.32,0.32,0.02,7.39278355189574E-006,0.0007836563,0,0,0,0.0018252248,0,0.0001763545,0.4959923112,8.74704680494567E-005,BEN
Bolivia,5934.3879777187,10671200,0.68512,0.5333333333,0.45,0.4218342004,3,0.2,1.5,0.06,0.8,0.05,20,0.0464868948,0.230864606,0.8,0.2,7171.7078710731,985.1084043013,0.2258028,0.08907469,1.1875860553,0.2496557786,17089.5610400713,1982.0456004274,0.0234683296,0.0227937121,0.3888542117,0.7,0.48,0.48,0.03,0.0010825924,0.0010902576,0,0,0,0.0009833696,0,0.0002003484,0.5083639832,0.0001018499,BOL
Bosnia and Herzegovina,9387.3500313802,3829307,0.39767,0,0.125,0.3239322324,3,0.2,1.5,0.06,0.8,0.05,20,0.1367841283,0.1324863379,0.8,0.2,10857.6437300451,3506.1752367205,0.07855196,0.03455922,1.0952833681,0.6188665275,33789.737429668,9737.8696419039,0.0197428346,0.0226394158,0.4420310714,0.7,0,0,0,0.000347014,0.0016246222,0,0,0,0.0019806901,0,0.0002352016,0.6053713668,0.0001423843,BIH
Botswana,15246.6087973119,2021144,0.57444,0.6,0.7083333333,0.2811780767,3,0.2,1.5,0.06,0.8,0.05,20,0.0349525826,0.0491444875,0.8,0.2,18517.0063843353,2165.0184492183,0.2164499,0.08854125,1.081842725,0.6726290999,66226.8634061814,6212.7022474339,0.0059939533,0.0066453278,0.641600854,0.7,0.64,0.64,0.04,0.0001712624,0.0003955886,0,0,0,0.0004822897,0,0.0001146959,0.5640248486,6.46913102731246E-005,BWA
Brazil,14555.0821953115,200361925,0.85687,0.8666666667,0.5583333333,0.2655750102,3,0.2,1.5,0.06,0.8,0.05,20,0.0496619791,0.2062913809,0.8,0.2,17577.081136113,2467.0864321053,0.1296786,0.0636212,1.2036438995,0.1854244021,66241.7053783098,9062.7678112758,0.0027679262,0.0033745716,0.650662885,0.7,0.16,0.16,0.01,0,0.0002996545,0,0,0,0.0003653296,0,6.16799412755074E-005,0.6000660053,0.000037012,BRA
Bulgaria,15695.0177942759,7265115,0.73948,0.6666666667,0.7166666667,0.3230784715,3,0.2,1.5,0.06,0.8,0.05,20,0.0406646207,0.4210410027,0.8,0.2,18361.2089420785,5030.2532030654,0.07025403,0.01463466,1.123811677,0.5047532919,58459.4085193657,9060.2866823613,0.009951811,0.0105002726,0.3857760364,0.7,0.64,0.64,0.04,0.0004495947,0.0003188559,0,0,0,0.0003887395,0,7.04916054173641E-005,0.6723644023,0.000047396,BGR
Burkina Faso,1630.4444967272,16934839,0.29859,0.8,0.4166666667,0.4056650919,3,0.2,1.5,0.06,0.8,0.05,20,0.0112011365,0.3350184754,0.8,0.2,1901.0982831839,547.8293509003,0.1070983,0.0373907,1.1259688321,0.4961246716,4767.4318499186,1026.2154033777,0.0040811448,0.0026574896,0.6734349004,0.7,0.48,0.48,0.03,0,0.0007196943,0,0,0,0.0004686381,0,8.35757438310692E-005,0.6987562191,5.83990707701618E-005,BFA
Burundi,746.9601514274,10162532,0.12057,0.6666666667,0.25,0.4629793127,3,0.2,1.5,0.06,0.8,0.05,20,0.013002055,0.0973849797,0.8,0.2,850.0406523244,334.6381478395,0.05161891,0.00542796,1.1264657439,0.4941370245,1838.0307431667,714.7617769184,0.0303226347,0.031599476,0.4424472127,0.7,0.48,0.48,0.03,0.0010489479,0.0009980799,0,0,0,0.0012168287,0,0.0001791557,0.5805720741,0.0001040128,BDI
Cambodia,2943.5246683519,15135169,0.20723,0,0.15,0.4592944497,3,0.2,1.5,0.06,0.8,0.05,20,0.159795395,0.0279325676,0.8,0.2,3348.6272508338,1323.1143384242,0.0120755,0.002184594,1.1502724732,0.3989101072,7288.4780002132,2890.0705746988,0.1031709103,0.0728288711,0.2038532775,0.7,0,0,0,0,0.0155752001,0,0,6.28426420460632E-007,0.0109942589,0,0.0007421672,0.5255556555,0.0003900502,KHM
Cameroon,2739.3439448002,22253959,0.54381,0.6666666667,0.5666666667,0.4197375746,3,0.2,1.5,0.06,0.8,0.05,20,0.0370217151,0.0374860787,0.8,0.2,3206.7445053817,869.7417024741,0.1015309,0.09631175,0.9325424086,1.2698303656,7700.3940190422,1830.0503322065,0.0223567287,0.0310334244,0.3,0.6343680961,0.64,0.64,0.04,0.0002247096,0.0022216658,0,0,0,0.0033877335,0,0.0002089384,0.4648127746,9.71172180661907E-005,CMR
Canada,41898.8823594636,35154279,0.81828,0.8666666667,0.8333333333,0.3354838939,3,0.2,1.5,0.06,0.8,0.05,20,0.0368631345,0.174861,0.8,0.2,48655.0771399271,14874.1032376096,0.6416325,0.3688955,0.929738478,1.281046088,151156.847985365,19827.0621592039,0.011704913,0.0138243523,0.2784891517,0.3927198495,0.64,0.64,0.04,7.97221446582861E-005,0.0005160281,0,0,0.000030716,0.0006291258,0,3.79743331105541E-005,0.694286839,2.63650796969307E-005,CAN
Central African Republic,584.3759440422,4616417,0.40037,0,0,0.3147438331,3,0.2,1.5,0.06,0.8,0.05,20,0.0446324846,0.0650741202,0.8,0.2,705.85309341,98.4673465711,0.03726327,0.006212666,1.25,0,2237.183389481,334.6245682284,0.0113371153,0.013462562,0.6348205553,0.7,0,0,0,9.59692057504948E-005,0.0014880512,0,0,0,0.0018386392,0,0.0003092518,0.5230057177,0.0001617405,CAF
Chad,2021.5934708652,12825314,0.22471,0,0,0.7532009945,3,0.2,1.5,0.06,0.8,0.05,20,0.0781597334,0.0639282994,0.8,0.2,2403.6746368587,493.2688068911,0.08138166,0.0492537,1.25,0,3180.0977437285,699.6223131894,0.0089994421,0.0109718467,0.6734349004,0.7,0,0,0,0,0.0011825269,0,0,0,0.0014417009,0,0.0001164305,0.4603714652,5.36012697499666E-005,TCD
Chile,21714.0315564501,17619708,0.8953,0.8,0.925,0.3473941118,3,0.2,1.5,0.06,0.8,0.05,20,0.0837231814,0.1706202906,0.8,0.2,25915.6966626232,4907.3711317577,0.1605431,0.07033718,1.1018072654,0.5927709386,75779.3206460442,9410.057657438,0.1025522882,0.1075908243,0.11529375,0.313141,0.64,0.64,0.04,0.0055811127,0.0019167424,0,5.31073339092916E-005,0,0.0023368341,0,0.0002483207,0.5318365105,0.000132066,CHL
China,11524.567506563,1357380000,0.55614,0.8,0.8416666667,0.2292163791,3,0.2,1.5,0.06,0.8,0.05,20,0.0926853586,0.1473363666,0.8,0.2,13732.9627550081,2690.9865127825,0.4205326,0.1704762,1.1166298251,0.5334806994,60564.2041397513,9133.7592331873,0.0038444399,0.0046047246,0.5370080663,0.7,0.64,0.64,0.04,1.60341754577359E-005,0.0002676207,2.49705793747732E-005,0,0.000022129,0.000326275,0.093305874,6.07786567428133E-005,0.6454002942,3.92265629425987E-005,CHN
Colombia,12025.3853718442,48321405,0.76436,0.7333333333,0.7166666667,0.2797792565,3,0.2,1.5,0.06,0.8,0.05,20,0.0341975035,0.0884946671,0.8,0.2,14535.6845682167,1984.1885863543,0.1365075,0.02795298,1.1928085331,0.2287658675,52020.6408933949,6825.8882384126,0.071376094,0.0991701451,0.2226012,0.5302352,0.64,0.64,0.04,0.0046344916,0.0011290713,0,3.44527094663303E-005,0,0.0035198094,0,0.0006273608,0.3945577917,0.0002475301,COL
"Congo, Dem. Rep.",783.2592535785,67513677,0.42494,0.4,0.375,0.2370560019,3,0.2,1.5,0.06,0.8,0.05,20,0.0363293933,0.0292347291,0.8,0.2,925.5187155097,214.2214058537,0.01915755,0.008708673,1.2196390024,0.1214439906,3900.4371773155,918.8043971599,0.0237972693,0.0213435675,0.6,0.7,0.32,0.32,0.02,0.0001040822,0.0023702002,0,0,0,0.0021094203,0,0.0004755987,0.6574555956,0.000312685,COD
"Congo, Rep.",5680.2299827443,4447632,0.6538,0,0.125,0.3727534239,3,0.2,1.5,0.06,0.8,0.05,20,0.0348527325,0.153256578,0.8,0.2,6701.9613508905,1593.3045101598,0.08744304,0.01770981,1.1713128089,0.3147487642,18003.2259013442,4179.9576603693,0.0481611592,0.0586062352,0.3,0.6343680961,0,0,0,2.6450232685414E-005,0.004092354,0,0,0,0.0049892738,0,0.0003696504,0.4871266961,0.0001800666,COG
Costa Rica,13430.7432070712,4872166,0.76821,0.9333333333,0.75,0.4818967549,3,0.2,1.5,0.06,0.8,0.05,20,0.0200275571,0.2140434198,0.8,0.2,16081.6361475669,2827.1714450885,0.2792255,0.07918306,1.1345266004,0.4618935983,33848.566273293,3958.6468119341,0.0258807832,0.0266662758,0.3210421673,0.7,0.8,0.8,0.05,0.001702861,0.0003427174,0,5.08555635301574E-006,0,0.0004178306,0,0.0001394166,0.5066279367,7.06323524095261E-005,CRI
Croatia,20048.9871590995,4255700,0.58964,0.6666666667,0.5583333333,0.2305224715,3,0.2,1.5,0.06,0.8,0.05,20,0.1014082005,0.2928353731,0.8,0.2,23053.8291095695,8029.6193572194,0.1524273,0.07799293,1.0621433302,0.7514266793,103166.509542149,22193.6747671633,0.0156606947,0.0168704641,0.4412012811,0.7,0.64,0.64,0.04,0.0006069597,0.0007010548,0,0,0,0.0008547047,0,0.000177861,0.7283619913,0.0001295472,HRV
Czech Republic,28124.4644802821,10514272,0.72992,0.6666666667,0.9,0.2397998316,3,0.2,1.5,0.06,0.8,0.05,20,0.0690777074,0.4459824503,0.8,0.2,31875.5649303397,13120.0626800516,0.4178777,0.2615189,1.1438830646,0.4244677417,131933.625634837,58680.9318680902,0.0100631572,0.0118874045,0.4135,0.7,0.8,0.8,0.05,9.95544042516897E-005,0.0004325006,0,0,0,0.0005272916,0,6.77512978730802E-005,0.7383612059,5.00249300013648E-005,CZE
Denmark,42482.7324552521,5614932,0.87676,0.7333333333,0.9166666667,0.230106064,3,0.2,1.5,0.06,0.8,0.05,20,0.0060722263,0.3830284112,0.8,0.2,48255.0737276095,19393.3673658226,0.6474435,0.4418966,1.0483422222,0.8066311111,219740.733289902,44149.0377217701,0.0004548191,0.0005545017,0.25,0.3,0.64,0.64,0.04,0,3.59311381713689E-005,0,0,0,4.38061529784988E-005,0,2.46645659861788E-006,0.8024224967,1.97914026190834E-006,DNK
Djibouti,2902.5462446953,872932,0.77343,0.6,0.25,0.2605986207,3,0.2,1.5,0.06,0.8,0.05,20,0.0061696761,0.097724969,0.8,0.2,3409.4033826752,875.1176927756,0.04367659,0.01797438,1.0295091502,0.8819633992,13258.0285054077,2657.8631010912,0.0274551592,0.0275694512,0.2919383716,0.6224866506,0.48,0.48,0.03,0.0011230036,8.88697353740868E-005,0,0,0,0.0001083473,0,0.0001210242,0.5918463104,7.16277147310298E-005,DJI
Dominican Republic,11795.4705790204,10403761,0.7898,0.6,0.5083333333,0.3771503991,3,0.2,1.5,0.06,0.8,0.05,20,0.0348497371,0.121321382,0.8,0.2,14005.6468787643,2954.7653800446,0.2295297,0.05700692,1.15102186,0.39591256,37292.4243090328,7206.5204149191,0.119084551,0.1074725393,0.3,0.3489973692,0.64,0.64,0.04,0.0025597847,0.0009590397,0.0003263281,0,0.0052132575,0.0005231125,0.3402655223,0.0005567355,0.6460214722,0.0003596631,DOM
Ecuador,10540.6573666533,15737878,0.63742,0.8,0.4583333333,0.2574734718,3,0.2,1.5,0.06,0.8,0.05,20,0.0692559607,0.1781882883,0.8,0.2,12609.261374859,2266.2413338305,0.1769659,0.09387966,1.1657520576,0.3369917695,49243.765807531,7718.9833638201,0.0268861944,0.0281603769,0.6764212742,0.7,0.48,0.48,0.03,0.0018416489,0.0004849013,0,5.11451781349266E-006,0,0.000591177,0,0.0004657938,0.6587443258,0.000306839,ECU
"Egypt, Arab Rep.",10733.4887228128,82056378,0.43135,0.6666666667,0.4583333333,0.4927783419,3,0.2,1.5,0.06,0.8,0.05,20,0.2004021135,0.1175081101,0.8,0.2,12175.8012699408,4964.2385343009,0.01016893,0.002091735,1.1514730056,0.3941079776,24658.8851119276,10272.3377050071,0.0075941731,0.0104962729,0.55,0.7,0.48,0.48,0.03,0.0001830441,0.0001485631,0,9.38775272735783E-006,0,0.0002745376,0,3.52470831746944E-005,0.5760395457,2.03037137776878E-005,EGY
El Salvador,7515.0826563776,6340454,0.66726,0.6666666667,0.5083333333,0.1342435753,3,0.2,1.5,0.06,0.8,0.05,20,0.0089971718,0.1777682322,0.8,0.2,8858.4036812051,2141.7985570676,0.1816167,0.04984934,1.1761358886,0.2954564455,66019.1819826094,15828.0138473248,0.0246852577,0.0250858873,0.44,0.7,0.48,0.48,0.03,0.0021920281,0.0001788489,0,0,0,0.0002180472,0,0.0006183277,0.6500078895,0.0004019179,SLV
Estonia,25253.7672011471,1317997,0.67538,0,0.4,0.2800603916,3,0.2,1.5,0.06,0.8,0.05,20,0.0182062093,0.3611234592,0.8,0.2,29303.8401160311,9053.4755416112,0.3582999,0.1892857,1.1213119782,0.5147520871,106625.039771,24362.7254734676,0.0173520587,0.0208368778,0.1259775921,0.4342145962,0,0,0,4.28264992880035E-005,0.0025736572,0,0,0,0.0031377248,0,0.0001195273,0.5771984596,0.000068991,EST
Finland,38820.8218247281,5438972,0.84221,0.8666666667,0.8916666667,0.2179909686,3,0.2,1.5,0.06,0.8,0.05,20,0.0296522699,0.3572890731,0.8,0.2,44071.3379765226,17818.7572175502,0.6638473,0.4118611,1.0663904378,0.7344382487,208987.495872137,54472.7271085633,0,0,0.2825,0.4,0.75,0.75,0.05,0,,0,0,0,,,0,,,FIN
France,37216.8018998205,65939866,0.7952,0.7333333333,0.95,0.2234491797,3,0.2,1.5,0.06,0.8,0.05,20,0.071401443,0.3854494485,0.8,0.2,42887.7120893057,14533.1611418799,0.5575402,0.4022605,1.1242760884,0.5028956463,194870.320158634,53298.7264751576,0.0168407545,0.0202728941,0.2395,0.57,0.8,0.8,0.05,7.28532672796911E-005,0.0006204437,0,0,0,0.0007564262,0,5.86337049898614E-005,0.7022143378,4.11734283223399E-005,FRA
Gabon,18646.3698144321,1671711,0.87156,0.5333333333,0.5916666667,0.3299123736,3,0.2,1.5,0.06,0.8,0.05,20,0.0939623484,0.1274651085,0.8,0.2,21942.115679133,5463.3863556286,0.1312962,0.01964613,1.1230905454,0.5076378183,66951.9677238041,14787.9228186429,0.0303015599,0.0627315353,0.3269905141,0.7,0.16,0.16,0.01,3.82068801666267E-005,0.0036753044,0,0,0,0.007709175,0,0.0005113484,0.4243287895,0.0002169798,GAB
Georgia,6930.2913801529,4487200,0.53641,0.6666666667,0.6166666667,0.3632651483,3,0.2,1.5,0.06,0.8,0.05,20,0.0837157021,0.5660634998,0.8,0.2,8205.464994101,1829.5969243604,0.01637902,0.001567924,1.1353639604,0.4585441584,23798.4765118793,194.9774215777,0.0772153693,0.0807663869,0.201292325,0.539077,0.48,0.48,0.03,0.0051519131,0.002151373,0,0,0,0.0026228887,0,0.0002968904,0.6829152198,0.000202751,GEO
Germany,42883.6868079517,80651873,0.75301,0.8,0.9166666667,0.2730174464,3,0.2,1.5,0.06,0.8,0.05,20,0.0720767913,0.4049132369,0.8,0.2,49160.7864644656,17775.288181896,0.5140285,0.5698233,1.0852424706,0.6590301178,186598.282130879,38972.1910545053,0.012421961,0.0141549278,0.2407266938,0.3,0.64,0.64,0.04,0.0002857048,0.0003578624,0,0,0,0.0004362949,0,3.73289095138351E-005,0.771615016,2.88035471117822E-005,DEU
Ghana,3864.0307887795,25904598,0.54042,0.8,0.5416666667,0.4079350166,3,0.2,1.5,0.06,0.8,0.05,20,0.0259363117,0.1209757369,0.8,0.2,4576.9444693093,1012.3760666602,0.2401777,0.04551203,1.1320659882,0.4717360471,11288.1415560694,2208.2955768091,0.0047376939,0.006182879,0.69739886,0.7,0.64,0.64,0.04,0,0.0007705805,0,0,0,0.0010056382,0,0.0001123294,0.5901021868,6.62858168128509E-005,GHA
Greece,24305.0596068933,11027549,0.78007,0.8,0.4666666667,0.2367917503,3,0.2,1.5,0.06,0.8,0.05,20,0.0175975762,0.4893031457,0.8,0.2,28421.7290778108,7838.3817232231,0.2479624,0.1293717,1.1866287801,0.2534848797,118331.580975921,39889.6047429778,0.0781684727,0.0785017447,0.1418159875,0.44601326,0.8,0.8,0.05,0.0067553482,0.0001186106,0,0,0,0.0001446064,0,0.0003943012,0.6094526681,0.0002403079,GRC
Guatemala,7062.5306748217,15468203,0.51571,0.4666666667,0.5833333333,0.6475627728,3,0.2,1.5,0.06,0.8,0.05,20,0.0323253317,0.1091511242,0.8,0.2,8486.5134221326,1366.599685578,0.1347752,0.05336335,1.1528286872,0.3886852513,13170.520237482,1849.5488122223,0.0750350218,0.0774102802,0.1,0.583710645,0.32,0.32,0.02,0.0066903436,0.0013573243,0,0,0,0.0016548086,0,0.0002952888,0.2463237174,7.27366439928004E-005,GTM
Guinea,1212.888132833,11745189,0.37161,0.6,0.3333333333,0.3510694893,3,0.2,1.5,0.06,0.8,0.05,20,0.0216095512,0.0731653252,0.8,0.2,1401.6438485052,457.8652701445,0.02541692,0.01277901,1.2251665225,0.0993339101,3973.5309399197,1380.0651097086,0.0071030382,0.0194172784,0.685,0.7,0.48,0.48,0.03,2.63040821187096E-005,0.0010468209,0,0,0,0.0030823061,0,0.0002467873,0.4877778207,0.0001203774,GIN
Honduras,4445.2710541232,8097688,0.5473,0.3333333333,0.5666666667,0.3635926941,3,0.2,1.5,0.06,0.8,0.05,20,0.0432505266,0.1379871036,0.8,0.2,5411.5618495132,580.1078725631,0.118058,0.0431121,1.1890058359,0.2439766563,14939.1031021495,1373.4057395415,0.0673720755,0.0572648853,0.391375829,0.7,0.32,0.32,0.02,0.0048721639,0.0017669667,7.37292985705987E-005,0,0.0004366735,0.0005156813,0.0417264797,0.00076439,0.5079906083,0.0003883029,HND
Hungary,22706.6118964343,9893899,0.71227,0.8666666667,0.6666666667,0.2212694117,3,0.2,1.5,0.06,0.8,0.05,20,0.0987780461,0.5576027275,0.8,0.2,26041.6455187231,9366.4774072792,0.2239262,0.0918939,1.0812699419,0.6749202325,126177.591049151,8388.3899845493,0.0405666039,0.0488602881,0.435105,0.7,0.8,0.8,0.05,0.0001604425,0.0028688915,0,0,0,0.0034976654,0,0.000374316,0.8003133934,0.0002995701,HUN
India,5243.9570597126,1252139596,0.32747,0.8666666667,0.775,0.4525301642,3,0.2,1.5,0.06,0.8,0.05,20,0.0847957279,0.1192059862,0.8,0.2,5995.1539085164,2239.1696644973,0.1227241,0.106086,1.0696173976,0.7215304097,13363.5554288141,4486.1928046386,0.0059830184,0.0068723482,0.5223154488,0.7,0.64,0.64,0.04,2.6249189595846E-005,0.0005905195,6.32476391214173E-005,0,0.0002233596,0.0007199434,0.1071050894,8.79236190770532E-005,0.6135225487,5.39431228700685E-005,IND
Indonesia,9254.4221797039,249865631,0.53742,0.6666666667,0.6083333333,0.3099768187,3,0.2,1.5,0.06,0.8,0.05,20,0.0644947034,0.1257301264,0.8,0.2,10685.3872092406,3530.5620615571,0.2072208,0.07181267,1.0743076323,0.7027694709,34816.4133033924,10010.3832896211,0.0250037353,0.0303347167,0.19760155,0.3,0.64,0.64,0.04,0.0007408017,0.0015467531,3.07912895558125E-005,4.84606822782711E-005,0,0.0022421598,0.019907049,0.0001240461,0.6442311155,7.99143269214225E-005,IDN
"Iran, Islamic Rep.",15090.0472200748,77447168,0.73375,0.6,0.4166666667,0.3179951775,3,0.2,1.5,0.06,0.8,0.05,20,0.0436843375,0.1383892902,0.8,0.2,17649.69647978,4851.4501812541,0.2492838,0.1211886,1.0907383922,0.6370464313,56104.2952606946,12851.3105692159,0.0177998076,0.0188210301,0.2729838587,0.7,0.32,0.32,0.02,0.0011907337,0.0003974662,0,0,0,0.0004845787,0,0.0001366426,0.5444031283,7.43886782407746E-005,IRN
Iraq,14471.473317625,33417476,0.69471,0.2,0.25,0.5840924715,3,0.2,1.5,0.06,0.8,0.05,20,0.2408688879,0.0934952131,0.8,0.2,16497.4795820925,6367.448259755,0.07414198,0.0292944,1.0958151495,0.6167394018,28357.5443376931,10449.8076255587,0.0209003522,0.0236695725,0.6,0.7,0.48,0.48,0.03,0.0005760627,0.0015651979,0,0,0,0.0019082417,0,0.0001992889,0.5658092901,0.0001127595,IRQ
Ireland,44647.2359111421,4597558,0.63241,0,0.35,0.3112505493,3,0.2,1.5,0.06,0.8,0.05,20,0.0355579209,0.5064689547,0.8,0.2,51556.3956683913,17010.5968821451,0.5241702,0.4951397,1.1019988201,0.5920047195,173407.987725256,23591.4566593676,0.010970828,0.0132355569,0.2663043625,0.3,0,0,0,3.81173520795829E-005,0.000476691,0,0,0,0.0005811672,0,3.00468965109688E-005,0.7415289675,2.22806441468252E-005,IRL
Israel,30926.8490945208,8059500,0.9214,0,0.4,0.3584782814,3,0.2,1.5,0.06,0.8,0.05,20,0.0088073885,0.1781559119,0.8,0.2,36876.4016890792,7128.6387162871,0.290902,0.1858163,1.096011255,0.6159549802,104671.453587623,12677.1259237793,0.0077347409,0.0077508964,0.55,0.7,0,0,0,0.000339143,3.57280104974437E-006,0,0,0,4.35585058843351E-006,0,4.28786595844625E-005,0.6181111144,2.65037760612843E-005,ISR
Italy,33923.5598171182,60233948,0.68964,0.8666666667,0.7166666667,0.2046119687,3,0.2,1.5,0.06,0.8,0.05,20,0.0476646851,0.4149386125,0.8,0.2,39830.4996702739,10295.8004044954,0.1787756,0.1188806,1.1709386677,0.3162453292,195038.252133326,48819.9990008755,0.0174573497,0.0180636317,0.2395,0.57,0.8,0.8,0.05,0.0013066426,0.0001492839,0,0,0,0.0001820024,0,0.0001380194,0.6687808858,9.23047376099142E-005,ITA
Jamaica,8607.4985627662,2714734,0.54788,0.6,0.4083333333,0.3810091135,3,0.2,1.5,0.06,0.8,0.05,20,0.000596341,0.1538026354,0.8,0.2,10183.7467370727,2302.50586554,0.3105106,0.2945098,1.1341149202,0.463540319,26929.5969477712,5238.209025114,0.139091533,0.1425606482,0.391375829,0.7,0.64,0.64,0.04,0.0010602622,0.0002130042,0.0016047742,0,0.0067042402,0.0002596882,7.5340033672,0.0009063008,0.5607423441,0.0005082012,JAM
Japan,35614.3100226829,127338621,0.93498,0.8,0.8166666667,0.2104425336,3,0.2,1.5,0.06,0.8,0.05,20,0.0732031927,0.210968481,0.8,0.2,41236.919217514,13123.8732433586,0.5513969,0.4561238,0.998137098,1.0074516081,203181.416702392,33450.9454221534,0.0317115074,0.0333088659,0.20493825,0.3,0.64,0.64,0.04,0.00111501,0.0001841345,0.0002195916,0.0002335971,0.0001205473,0.0002244912,1.1925606094,0.0001199795,0.7735790144,9.28136401970933E-005,JPN
Jordan,11404.7388595369,6460000,0.83679,0.4666666667,0.425,0.1757227222,3,0.2,1.5,0.06,0.8,0.05,20,0.0039880625,0.2062520704,0.8,0.2,13082.6610642463,4693.0500406994,0.1260008,0.01290732,1.126530664,0.4938773438,74797.9069990551,25317.8809440477,0.0083198981,0.0086236447,0.55,0.7,0.48,0.48,0.03,0.0003184824,4.93223658961471E-006,0,0,0,2.05342094751306E-005,0,7.14107898573115E-005,0.7271518591,5.1926488602061E-005,JOR
Kazakhstan,22469.6790194365,17035275,0.53247,0.6,0.775,0.3305707554,3,0.2,1.5,0.06,0.8,0.05,20,0.0531695219,0.2575849914,0.8,0.2,25432.8679401247,10616.9233366837,0.07945224,0.0495838,1.0167679087,0.9329283653,79650.8463642848,21258.4845872037,0.0325407728,0.0351200713,0.1259775921,0.4342145962,0.64,0.64,0.04,0.0012769512,0.0012914276,0,0,0,0.0015744693,0,9.19652003744934E-005,0.6236679438,5.73557474160448E-005,KAZ
Kenya,2705.3232181398,44353691,0.25622,0.8,0.5083333333,0.4629602732,3,0.2,1.5,0.06,0.8,0.05,20,0.0188168284,0.0710133313,0.8,0.2,3217.9819679773,654.6882187898,0.3215924,0.1005334,1.2032546169,0.1869815322,6944.7373910879,1438.7109459407,0.006695677,0.0109181779,0.6,0.7,0.32,0.32,0.02,8.74201732032751E-005,0.0006593594,0,0,0,0.0012873208,0,0.0001102821,0.46194939,5.09447633689282E-005,KEN
Kyrgyz Republic,3109.8128288413,5719600,0.35707,0.6,0.4833333333,0.5202256666,3,0.2,1.5,0.06,0.8,0.05,20,0.0522631315,0.4821306047,0.8,0.2,3588.7240044829,1194.1681262751,0.01364074,0.001899116,1.1062859262,0.5748562951,7163.9407142713,1233.3124832444,0.0878187891,0.0955453398,0.15736634,0.6695666403,0.64,0.64,0.04,0.0047245522,0.0049593298,0,0,0,0.0060599644,0,0.0003109872,0.5413617912,0.0001683566,KGZ
Lao PDR,4667.3400588651,6769727,0.38614,0.4,0.1666666667,0.2472988861,3,0.2,1.5,0.06,0.8,0.05,20,0.1858338961,0.1261460292,0.8,0.2,5389.6109329745,1778.2565624276,0.2385275,0.1325088,1.2218474588,0.112610165,21611.1101198605,7921.9380551207,0.0703686849,0.084424771,0.3,0.4,0.48,0.48,0.03,0.0003550048,0.0109791356,0,0,2.62782044217141E-005,0.0133854288,0,0.0010835174,0.6649398674,0.0007204739,LAO
Latvia,21832.5707415661,2012647,0.67382,0,0.35,0.2393699081,3,0.2,1.5,0.06,0.8,0.05,20,0.0581330499,0.2543790224,0.8,0.2,25587.7729091155,6811.7620713686,0.1686562,0.08001867,1.0610192989,0.7559228044,110349.757022579,14643.4819442806,0.0599011149,0.073029621,0.1259775921,0.4342145962,0,0,0,0,0.0060003317,0,0,0,0.0073154223,0,0.0002959598,0.5883579403,0.0001741303,LVA
Lesotho,2493.6137341397,2074465,0.27312,0.4,0.1666666667,0.1992120957,3,0.2,1.5,0.06,0.8,0.05,20,0.0229051235,0.0818370198,0.8,0.2,3028.4938801127,354.0931502478,0.1136827,0.02873374,1.223286723,0.1068531081,15192.556167418,1816.6811580263,0.0155769143,0.0147758637,0.641600854,0.7,0.32,0.32,0.02,0.0005017676,0.0007947925,0,0,0,0.0006884334,0,0.0003472316,0.5998565071,0.0002082891,LSO
Liberia,849.8309242361,4294077,0.49701,0,0,0.4725120713,3,0.2,1.5,0.06,0.8,0.05,20,0.0637109683,0.1205340924,0.8,0.2,993.8772658941,273.645557604,0.2007491,0.0449625,1.2199209277,0.1203162892,2090.9616369658,628.8435430599,0.0120809018,0.0068549585,0.6734349004,0.7,0,0,0,0.000036757,0.0015358584,0,0,0,0.0007904644,0,0.0001570398,0.6910003062,0.0001085145,LBR
Lithuania,24469.6225008436,2957689,0.66508,0,0.35,0.3129644245,3,0.2,1.5,0.06,0.8,0.05,20,0.0802232839,0.3495872976,0.8,0.2,28436.7600487929,8601.0723090465,0.2553146,0.1316597,1.0461665817,0.8153336733,95735.6497806029,7990.3725780107,0.0229002174,0.0279192499,0.2625238,0.473492,0,0,0,0,0.0020407413,0,0,0,0.0024880099,0,0.0001253892,0.6993357193,8.76891178745901E-005,LTU
"Macedonia, FYR",11608.9689707937,2107158,0.57104,0.6666666667,0.3333333333,0.2639321666,3,0.2,1.5,0.06,0.8,0.05,20,0.1206012645,0.2662545975,0.8,0.2,13726.1546868422,3140.2261065997,0.1010828,0.04312311,1.100765589,0.5969376439,53308.9196138189,6687.666263968,0.0278255379,0.0292643705,0.1678688,0.4472128,0.48,0.48,0.03,0.0013744819,0.0004652316,0,0,0,0.0005671962,0,0.0001005088,0.6132201524,0.000061634,MKD
Madagascar,1368.6324120759,22924851,0.35105,0.6,0.25,0.2940729838,3,0.2,1.5,0.06,0.8,0.05,20,0.0506364796,0.1034746911,0.8,0.2,1599.5891316137,444.8055339247,0.01990471,0.00467687,1.190678767,0.237284932,5427.6498056789,1559.6854901494,0.0466991228,0.0420349451,0.4424472127,0.7,0.32,0.32,0.02,2.67015326601629E-005,0.0035744065,0.0003135033,0,0.0039246906,0.0028870207,0.0877078038,0.0009634111,0.6273089671,0.0006043564,MDG
Malawi,754.981975268,16362567,0.16272,0.8,0.3333333333,0.2530765692,3,0.2,1.5,0.06,0.8,0.05,20,0.0228307784,0.0392103775,0.8,0.2,892.6718130075,204.22262431,0.1041777,0.05031624,1.1949966322,0.2200134712,3525.7429303212,813.1063968242,0.0307805671,0.0332553499,0.4424472127,0.7,0.64,0.64,0.04,0.0005106626,0.0028663346,0,0,0,0.0032338134,0,0.0005379535,0.5674155386,0.0003052432,MWI
Malaysia,22589.3714474966,29716965,0.74705,0.8,0.7666666667,0.2505940746,3,0.2,1.5,0.06,0.8,0.05,20,0.1081206348,0.0617900961,0.8,0.2,26954.7674797253,5127.7873185817,0.4278625,0.2476379,1.1148598528,0.5405605889,108028.853440207,18600.9786169693,0.0225299078,0.0274677798,0.2229746345,0.3948696496,0.8,0.8,0.05,0,0.001921415,0,0,0,0.0023425309,0,0.0001575643,0.5627889361,8.86754527185422E-005,MYS
Mali,1589.1673480781,15301650,0.39916,0.6,0.3333333333,0.643844866,3,0.2,1.5,0.06,0.8,0.05,20,0.0911249703,0.0507364086,0.8,0.2,1828.1383880454,633.2831882091,0.05730599,0.02604872,1.2016336739,0.1934653042,2832.6459838374,1010.6447681772,0.0555392029,0.0308691697,0.1,0.6492646,0.48,0.48,0.03,0,0.0073604223,0,0,0,0.0040909864,0,0.0001728798,0.3988589403,6.89546613846859E-005,MLI
Mauritania,2945.2295694967,3889880,0.59859,0.6666666667,0.3333333333,0.2381059709,3,0.2,1.5,0.06,0.8,0.05,20,0.0693921652,0.0865257797,0.8,0.2,3459.9084367663,886.5141004185,0.08601068,0.03011628,1.1897563987,0.240974405,14513.3781585624,3793.5204091404,0.0491048854,0.0594346952,0.1,0.58644415,0.48,0.48,0.03,8.74521754343114E-005,0.0064246691,0,0,0,0.0078327615,0,0.0005530693,0.3382422314,0.0001870714,MRT
Mexico,16290.8128214269,122332399,0.79246,0.5333333333,0.7666666667,0.368263045,3,0.2,1.5,0.06,0.8,0.05,20,0.0611030386,0.2683406526,0.8,0.2,19373.8491478819,3958.6675156067,0.09345214,0.02801249,1.1291018296,0.4835926816,53584.5780977245,6846.1513183833,0.0072959548,0.0077322057,0.3221211,0.7,0.64,0.64,0.04,0.0001915618,0.0001625916,2.34972457724618E-005,0,0.000185761,0.0001982268,0.1445169351,4.50188916547324E-005,0.566869158,2.55198212046673E-005,MEX
Moldova,4521.0848447881,3558566,0.44995,0.6,0.375,0.2567047738,3,0.2,1.5,0.06,0.8,0.05,20,0.0628217564,0.3484590959,0.8,0.2,5171.555926832,1919.2005166126,0.05443321,0.007158123,1.108114416,0.5675423361,20482.7679719507,6128.9353067416,0.0361345131,0.0168123989,0.4153083161,0.7,0.48,0.48,0.03,0.0001005947,0.0038688736,0,0,0,0.0016434153,0,0.0003950385,0.7934915624,0.0003134597,MDA
Mongolia,9132.3057037913,2839073,0.7204,0.5333333333,0.5666666667,0.2076748793,3,0.2,1.5,0.06,0.8,0.05,20,0.0471083002,0.196382544,0.8,0.2,10604.8899985277,3241.9685248459,0.3040792,0.1190915,1.103344674,0.5866213041,51687.1217268112,13121.7674234754,0.0352077218,0.0420156416,0.1259775921,0.4342145962,0.48,0.48,0.03,0.0002584808,0.0033127542,0,0,0,0.0040388093,0,0.0002301155,0.5560066562,0.0001279458,MNG
Montenegro,14151.5411049103,621383,0.64026,0,0.175,0.3648966624,3,0.2,1.5,0.06,0.8,0.05,20,0.1063076848,0.2800007604,0.8,0.2,16230.048704694,5837.5107057755,0.04095249,0.02271427,1.0273719661,0.8905121354,46280.8328641234,8788.2956348458,0.0111111576,0.0120676145,0.4409824762,0.7,0,0,0,0.000385593,0.0003928514,0,0,0,0.0004789525,0,7.30557443089526E-005,0.6661277725,4.86644602251452E-005,MNE
Morocco,6967.2592458786,33008150,0.60195,0.8666666667,0.75,0.2692569672,3,0.2,1.5,0.06,0.8,0.05,20,0.0562499279,0.1347079963,0.8,0.2,8141.2424288091,2271.3265141564,0.1725484,0.05141593,1.088873033,0.6445078681,30556.7224770624,7152.4780212777,0.017284082,0.0149436121,0.2106528125,0.7,0.64,0.64,0.04,0.0007173,0.0008565517,0,0,0,0.0006141314,0,0.0001193009,0.5652998168,6.74407842692803E-005,MAR
Nepal,2172.7903916176,27797457,0.18615,0.6,0.3333333333,0.2701993003,3,0.2,1.5,0.06,0.8,0.05,20,0.0583797399,0.3454389443,0.8,0.2,2491.3757827886,898.4488269339,0.1267821,0.05736111,1.1914285078,0.2342859688,9030.3745454294,4085.682026297,0.0351588006,0.0225670531,0.398765875,0.7,0.32,0.32,0.02,0.0007700206,0.0029737262,0,0,0,0.0010062935,0,0.0003498468,0.773832357,0.0002707227,NPL
Netherlands,45021.1574077338,16804432,0.90496,0.8,0.9166666667,0.2525198949,3,0.2,1.5,0.06,0.8,0.05,20,0.3230109125,0.3404212262,0.8,0.2,51549.2252318552,18908.8861112482,0.6205978,0.5146725,1.114950228,0.5401990882,206904.371646567,63820.3431581895,0.0154877215,0.0181166469,0.2597572,0.3,0.8,0.8,0.05,0.0001549839,0.0004813977,0,0,0,0.0005869055,0,4.29747750121048E-005,0.7745920718,3.32879200125297E-005,NLD
Niger,886.8096112893,17831270,0.18732,0.6666666667,0.3333333333,0.2335923169,3,0.2,1.5,0.06,0.8,0.05,20,0.0402116515,0.0617122063,0.8,0.2,1009.1893376473,397.2907058576,0.0181079,0.002041873,1.1425283163,0.429886735,4319.1712411881,1705.3094609987,0.036384947,0.0202230685,0.10399855,0.7,0.48,0.48,0.03,0,0.0046521561,0,0,0,0.0025857086,0,0.0002423428,0.5293654612,0.0001282879,NER
Nigeria,5422.6933427295,173615345,0.47776,0.8,0.5916666667,0.8736444729,3,0.2,1.5,0.06,0.8,0.05,20,0.0376700887,0.007621301,0.8,0.2,6413.0127144455,1461.4158558656,0.3368574,0.08466024,1.2118229759,0.1527080963,7339.1373178281,1678.3482793304,0.00626992,0.0104339667,0.6734349004,0.7,0.64,0.64,0.04,3.08603839377575E-005,0.0007075993,0,0,0,0.0012362654,0,7.38671128585586E-005,0.3985504969,2.94397745323596E-005,NGA
Pakistan,4454.0748287843,182142594,0.38758,0.7333333333,0.5416666667,0.3767173581,3,0.2,1.5,0.06,0.8,0.05,20,0.0785892132,0.130726213,0.8,0.2,5033.6613158799,2135.7288804021,0.01669716,0.01097432,1.1892265244,0.2430939022,13256.8179409257,6089.6594402963,0.0157865664,0.0178214986,0.52089405,0.7,0.48,0.48,0.03,0.0004354216,0.0013044172,3.52808404187528E-005,0,1.56649149732939E-005,0.0015903059,0.0270472054,0.0002046418,0.6372296595,0.0001304038,PAK
Panama,18793.3933318045,3864170,0.66592,0.6666666667,0.7166666667,0.5402427161,3,0.2,1.5,0.06,0.8,0.05,20,0.0185889933,0.1939619351,0.8,0.2,22740.0059314834,3006.9429330887,0.1344137,0.1099336,1.2217305031,0.1130779876,41994.0067180861,5958.6951791605,0.0078328666,0.0080317045,0.6764212742,0.7,0.48,0.48,0.03,0.000512297,0.0001127962,0,3.63790608907385E-006,0,0.0001375177,0,7.47131415065648E-005,0.5275979097,3.94184972885437E-005,PAN
Paraguay,7833.0740015676,6802295,0.59666,0.8,0.6666666667,0.3682732131,3,0.2,1.5,0.06,0.8,0.05,20,0.0275042586,0.1843274978,0.8,0.2,9393.8139963799,1590.1140223182,0.1477873,0.02127697,1.1887288822,0.2450844713,25558.3014661411,4115.473914187,0.0140297265,0.0171046167,0.371986975,0.7,0.64,0.64,0.04,0,0.0012008316,0,0,0,0.0014640175,0,0.0001294254,0.4881190945,0.000063175,PRY
Peru,11396.4930206131,30375603,0.78609,0.6,0.7666666667,0.2701986754,3,0.2,1.5,0.06,0.8,0.05,20,0.0688875034,0.1452735086,0.8,0.2,13644.451268929,2404.6600273494,0.1296312,0.01947264,1.185333009,0.2586679641,50583.2773173411,8557.8768772578,0.0923340176,0.0819309843,0.143717125,0.5818235,0.48,0.48,0.03,0.0064090084,0.0018061756,0,2.02009221696711E-005,0,0.0008206232,0,0.0005708392,0.4230669293,0.0002415032,PER
Philippines,6326.216423894,98393574,0.44373,0.7333333333,0.6333333333,0.2736571883,3,0.2,1.5,0.06,0.8,0.05,20,0.0539368864,0.2259353936,0.8,0.2,7442.0028456583,1863.0707368368,0.2218852,0.0353108,1.18867983,0.2452806801,27111.5914400065,7140.1544342608,0.1069149184,0.1012086447,0.2229746345,0.3,0.48,0.48,0.03,0.0019079255,0.0019861082,0.0011662445,0.0001411623,0.0064807025,0.0016968691,0.5872008884,0.0006930039,0.6956649343,0.0004820985,PHL
Poland,22835.2204608088,38514479,0.60539,0.6,0.7916666667,0.413202632,3,0.2,1.5,0.06,0.8,0.05,20,0.0578244456,0.4966192309,0.8,0.2,26291.9019580637,9008.4944717891,0.2018166,0.1469539,1.1320434276,0.4718262895,64683.5500586147,17585.6812522075,0.022720172,0.0265634341,0.1259775921,0.4342145962,0.8,0.8,0.05,0.0003337427,0.0011225199,0,0,0,0.0013685422,0,4.48606465183495E-005,0.5856549766,2.6272860887728E-005,POL
Romania,18184.1097333037,19981358,0.54564,0.6,0.6916666667,0.2677480378,3,0.2,1.5,0.06,0.8,0.05,20,0.0736838075,0.4233798007,0.8,0.2,20704.8819450829,8101.0208861868,0.1082912,0.05476748,1.1018483991,0.5926064035,79163.632591697,22920.5022135393,0.0175484779,0.0194120968,0.3258363,0.7,0.64,0.64,0.04,0.0005591118,0.0010798444,0,0,0,0.0013165135,0,0.0001542716,0.7062951173,0.0001089613,ROU
Russian Federation,23564.2077363646,143499861,0.74008,0,0.25,0.3491630039,3,0.2,1.5,0.06,0.8,0.05,20,0.0425464211,0.2618132363,0.8,0.2,27552.4498957443,7611.2390988458,0.1361298,0.06942263,1.0794123785,0.6823504859,81060.3374801952,13197.145442787,0.0178190599,0.0215390908,0.1439178964,0.6020671383,0,0,0,7.18693087072345E-005,0.0016256235,0,0,0,0.0019819108,0,8.13987230730001E-005,0.4980483704,4.05405013801547E-005,RUS
Rwanda,1426.3662876262,11776522,0.28811,0.8,0.4833333333,0.7125778172,3,0.2,1.5,0.06,0.8,0.05,20,0.0391139166,0.023583535,0.8,0.2,1690.9572339809,368.0025022076,0.1783742,0.1784206,1.1484810368,0.406075853,2374.8039052744,509.2792625291,0.0257384433,0.0164169596,0.6825,0.7,0.64,0.64,0.04,0.0006221515,0.0018852106,0,0,0,0.0003470681,0,0.0001853299,0.6242720026,0.0001156962,RWA
Senegal,2170.0772069902,14133280,0.43721,0.6666666667,0.5083333333,0.226210112,3,0.2,1.5,0.06,0.8,0.05,20,0.0292921691,0.2114330471,0.8,0.2,2548.75567961,655.363316511,0.04644672,0.02342184,1.2094070768,0.1623716929,11177.4184066393,3256.2901326845,0.0034080351,0.0025375023,0.685,0.7,0.48,0.48,0.03,0.000016553,0.0004000657,0,0,0,0.0002823993,0,8.14800941754418E-005,0.7557751937,6.15806339614165E-005,SEN
Serbia,12892.4963006621,7164132,0.55553,0.6,0.5083333333,0.2201204534,3,0.2,1.5,0.06,0.8,0.05,20,0.1095561563,0.296922932,0.8,0.2,14766.7429503709,5395.5097018271,0.04309804,0.01452239,1.1218348526,0.5126605897,67667.1018275178,22182.5318751386,0.037373522,0.0439262091,0.4413487216,0.7,0.32,0.32,0.02,0.0004960199,0.003150865,0,0,0,0.0038414389,0,0.000553091,0.7029590101,0.0003888003,SRB
Sierra Leone,1494.648548339,6092075,0.39942,0.7333333333,0.3333333333,0.4068659913,3,0.2,1.5,0.06,0.8,0.05,20,0.051476908,0.0383577596,0.8,0.2,1722.3956208921,583.6602581264,0.2132186,0.04347975,1.1886588389,0.2453646445,4228.007454458,1455.7937453546,0.0061364839,0.0118309237,0.6734349004,0.7,0.64,0.64,0.04,2.49264703225141E-005,0.001846025,0,0,0,0.0037701296,0,0.0003131665,0.5336122251,0.0001671094,SLE
Slovak Republic,25758.8626348949,5413393,0.53598,0.7333333333,0.625,0.305901886,3,0.2,1.5,0.06,0.8,0.05,20,0.1476085685,0.392997179,0.8,0.2,29419.8409868793,11114.9492269572,0.4171376,0.2975634,1.1318574521,0.4725701914,96733.878348106,34095.9318235662,0.016244574,0.019331221,0.4414332265,0.7,0.64,0.64,0.04,0.0001068912,0.0011685563,0,0,0,0.0014246684,0,0.0001411529,0.6945646946,9.80398478764654E-005,SVK
Slovenia,27368.1720259118,2059953,0.4965,0.8666666667,0.6916666667,0.221337883,3,0.2,1.5,0.06,0.8,0.05,20,0.1094184334,0.3639895565,0.8,0.2,30881.5611097382,13314.6156906061,0.3523933,0.200224,1.041023663,0.835905348,145703.620826537,35429.7063019207,0.0350425421,0.0370547221,0.3430290881,0.7,0.8,0.8,0.05,0.0013281429,0.0003419245,0,0,0,0.0004168639,0,0.0001787397,0.7694016673,0.0001375226,SVN
South Africa,12454.1909220073,53157490,0.64801,0.7333333333,0.7166666667,0.4122181909,3,0.2,1.5,0.06,0.8,0.05,20,0.0173909766,0.1065964618,0.8,0.2,15186.3290555226,1525.6383879459,0.2775108,0.1365319,1.0394860837,0.842055665,37488.9786446933,1107.1776820111,0.0058088429,0.006206407,0.641600854,0.7,0.48,0.48,0.03,0.0002793735,0.0002664142,0,0,0,0.0003248041,0,7.75558597489875E-005,0.5468934134,4.24147888706907E-005,ZAF
Spain,31682.6447411771,46617825,0.79579,0.8,0.7166666667,0.1829992967,3,0.2,1.5,0.06,0.8,0.05,20,0.0446903297,0.4336614242,0.8,0.2,37460.7670758493,8570.1554024884,0.4078074,0.2691136,1.1680997727,0.327600909,206596.904890321,39261.7383905346,0.010822645,0.0130116643,0.1,0.105,0.64,0.64,0.04,3.95132031084639E-005,0.0006916222,0,0,0,0.0008432048,0,2.55334718069598E-005,0.7858663627,2.00658966156382E-005,ESP
Sri Lanka,9425.737382586,20483000,0.18356,0.6666666667,0.5083333333,0.3379608026,3,0.2,1.5,0.06,0.8,0.05,20,0.0623516032,0.0812992115,0.8,0.2,10872.5880708129,3638.3346296782,0.3275283,0.2101409,1.1492483044,0.4030067822,32181.6447469564,10723.5778111076,0.0046000536,0.0055937235,0.6738905766,0.7,0.64,0.64,0.04,0,0.0003947904,5.7025417680963E-005,0,6.58094075740953E-006,0.0004813165,0.1444447872,7.1334373481836E-005,0.6484069182,4.6253701274491E-005,LKA
Sudan,3264.7729779456,37964306,0.33806,0.6666666667,0.3333333333,0.9487533645,3,0.2,1.5,0.06,0.8,0.05,20,0.1054088807,0.0597383613,0.8,0.2,3803.0524226844,1111.6551989905,0.04988819,0.008296447,1.25,0,3989.8625445342,1246.1435001783,0.01033389,0.012488699,0.6,0.7,0.48,0.48,0.03,1.70251748239626E-005,0.0013954044,0,0,0,0.0017012347,0,0.0001052446,0.4346547034,4.57450584885089E-005,SDN
Swaziland,6470.8841903439,1249514,0.21308,0.6,0.4166666667,0.1903806069,3,0.2,1.5,0.06,0.8,0.05,20,0.0226918691,0.1095579402,0.8,0.2,7761.0167257938,1310.3540485447,0.2348936,0.09158991,1.1708468366,0.3166126535,40885.0980722386,6405.5989282489,0.0211516145,0.0226618753,0.3,0.538,0.48,0.48,0.03,0.0005609589,0.0011828728,0,0,0,0.0013815465,0,0.0002552301,0.5562822847,0.00014198,SWZ
Sweden,43540.4943919326,9600379,0.85815,0.7333333333,0.9166666667,0.3573676438,3,0.2,1.5,0.06,0.8,0.05,20,0.0340465157,0.3582283205,0.8,0.2,49244.2991572758,20725.2753305599,0.6711392,0.5881995,1.0982175937,0.6071296251,140026.760665096,49076.4571192468,0.0018381842,0.0022410584,0.2608689375,0.3,0.64,0.64,0.04,0,9.05261800634073E-005,0,0,0,0.0001103668,0,4.66466789865409E-006,0.7254138402,3.3838146536207E-006,SWE
Syrian Arab Republic,4959.3925233645,22845550,0.57656,0.6666666667,0.3333333333,0.2707507565,3,0.2,1.5,0.06,0.8,0.05,20,0.055289079,0.1165897755,0.8,0.2,5723.1389719626,1904.406728972,0.05367074,0.04674114,1.2130229698,0.1479081209,20995.3501520975,7604.5396703521,0.014569026,0.0155699722,0.5,0.7,0.48,0.48,0.03,0.0005986281,0.0004863338,0,0,0,0.0005929234,0,0.0001626651,0.6416064596,0.000104367,SYR
Tajikistan,2431.6590685453,8207834,0.26782,0.6,0.3333333333,0.3854263245,3,0.2,1.5,0.06,0.8,0.05,20,0.0749447834,0.2350985241,0.8,0.2,2785.7694204022,1015.2176611177,0.004779077,0,1.0609609194,0.7561563225,7391.9353673564,1977.315448167,0.1197605967,0.1092865978,0.1259775921,0.4342145962,0.48,0.48,0.03,0.005295269,0.0084795534,0,0,0,0.00684887,0,0.000433387,0.5836827873,0.0002529605,TJK
Tanzania,2364.7027567608,49253126,0.31608,0.6666666667,0.3333333333,0.4132043671,3,0.2,1.5,0.06,0.8,0.05,20,0.0199402326,0.0550871596,0.8,0.2,2737.4390287952,873.7576686231,0.1723204,0.0399119,1.1716744377,0.3133022491,6620.2160594868,2133.3391068387,0.010814339,0.0103614974,0.4424472127,0.7,0.64,0.64,0.04,0.0004530801,0.0005673503,0,0,0,0.0004981612,0,9.50144869229168E-005,0.5927136008,5.63163786761679E-005,TZA
Thailand,13931.8114713267,67010502,0.50374,0.6666666667,0.7416666667,0.240336363,3,0.2,1.5,0.06,0.8,0.05,20,0.170328057,0.4966838477,0.8,0.2,16237.5262698313,4708.9522773084,0.4738743,0.3508187,1.200229795,0.1990808201,65574.9837355597,27539.9231932223,0.0289243677,0.0348245649,0.123626645,0.6523446,0.64,0.64,0.04,8.1478410242837E-005,0.0036553023,0,0,0,0.0044564336,0,0.0002907713,0.4964507472,0.0001443536,THA
Togo,1345.914276292,6816982,0.39964,0.2,0.25,0.3708920312,3,0.2,1.5,0.06,0.8,0.05,20,0.0233160532,0.004941842,0.8,0.2,1600.9650316493,325.7112548627,0.04994747,0.01588689,0.1168457309,4.5326170765,4335.8575271769,800.8566788249,0.0072863547,0.0093050018,0.69739886,0.7,0.16,0.16,0.01,0,0.0011031593,0,0,0,0.0014087839,0,0.0001854532,0.5650759822,0.0001047951,TGO
Turkey,18567.1347101229,74932641,0.73397,0.8666666667,0.6916666667,0.4121669094,3,0.2,1.5,0.06,0.8,0.05,20,0.0290534085,0.2090286384,0.8,0.2,21862.8011211697,5384.4690659356,0.05568721,0.02105567,1.1489184619,0.4043261525,53383.8155985743,11702.7939097845,0.0141069612,0.0146702376,0.2210385375,0.7,0.64,0.64,0.04,0.0010251026,0.0002523863,0,0,0,0.0003077017,0,0.000080215,0.4773829945,3.82932923119799E-005,TUR
Uganda,1620.5769390933,37578876,0.16101,0.6666666667,0.5916666667,0.5735745521,3,0.2,1.5,0.06,0.8,0.05,20,0.0055286112,0.139793083,0.8,0.2,1908.0267736649,470.7776008066,0.2165355,0.086366,0.9995660134,1.0017359463,3408.1965819968,494.2084379531,0.0151534177,0.0198896475,0.382020597,0.7,0.48,0.48,0.03,0.0005337858,0.000642069,0,0,0,0.0012649718,0,8.59585494904863E-005,0.4826506506,4.14879498341624E-005,UGA
Ukraine,8508.0147873102,45489600,0.69695,0,0.05,0.2458541924,3,0.2,1.5,0.06,0.8,0.05,20,0.0394241321,0.3205803171,0.8,0.2,9549.1830969073,4343.3415489219,0.08083077,0.01426494,1.053105151,0.7875793959,39971.9196528076,13142.0082709357,0.0113976973,0.0138442942,0.4153083161,0.7,0,0,0,1.33365102243524E-005,0.001230061,0,0,0,0.0014996531,0,0.0001570105,0.7222643577,0.0001134031,UKR
United Kingdom,36931.4742257195,64106779,0.82592,0.8,0.8916666667,0.3031281747,3,0.2,1.5,0.06,0.8,0.05,20,0.0397023688,0.429811288,0.8,0.2,43500.6602036194,10654.7303141201,0.4958916,0.4119409,1.1352035017,0.4591859931,147424.758980715,19473.5402722893,0.0082210266,0.0088970984,0.2616344,0.3,0.8,0.8,0.05,0.0002611806,0.0001672411,0,0,0,0.0002038953,0,2.55885606926301E-005,0.7253403887,1.85604165580801E-005,GBR
United States,51340.4876279117,316128839,0.81617,0.7333333333,0.9166666667,0.3187368533,3,0.2,1.5,0.06,0.8,0.05,20,0.0369569689,0.11538,0.8,0.2,61159.3558867498,12065.0145925592,0.620944,0.3361419,0.9292121685,1.2831513261,197385.506516585,15832.1735102495,0.0068699228,0.0076960109,0.2784891517,0.3927198495,0.64,0.64,0.04,2.09116834805324E-006,0.0001682744,0.0001468478,0,0.0004220483,0.0002051551,0.8726683239,4.92177131478855E-005,0.6578797057,3.23793346425356E-005,USA
Uruguay,18965.8165353822,3407062,0.95311,0.6666666667,0.6333333333,0.291886654,3,0.2,1.5,0.06,0.8,0.05,20,0.0175418841,0.2125739772,0.8,0.2,22467.3804132271,4959.5610240025,0.08380116,0.01661895,1.1787306874,0.2850772505,77076.3552261645,16577.8219120326,0.0040652163,0.0049561883,0.4000574125,0.7,0.48,0.48,0.03,0,0.0002888656,0,0,0,0.0003521762,0,3.69882126285831E-005,0.5627443274,2.08149068369788E-005,URY
Uzbekistan,5002.1491200742,30243200,0.36365,0,0,0.7301836567,3,0.2,1.5,0.06,0.8,0.05,20,0.0464219162,0.2438273564,0.8,0.2,5787.4865319258,1860.7994726676,0.009112436,0.006892152,1.072198898,0.7112044081,8113.3911069596,1799.1134701329,0.059699744,0.0614338224,0.1259775921,0.4342145962,0,0,0,0.0030279217,0.0011477015,0,0,0,0.0013992428,0,9.42152304964898E-005,0.4356279838,4.10427909021033E-005,UZB
"Venezuela, RB",17614.5982099448,30405207,0.8899,0,0.05,0.3131698079,3,0.2,1.5,0.06,0.8,0.05,20,0.0334826003,0.1052365407,0.8,0.2,21089.0777068564,3716.6802222984,0.1806533,0.06972021,1.1813559336,0.2745762657,67445.855995392,11447.3614926275,0.0104617511,0.0107515401,0.6764212742,0.7,0,0,0,0.0008460451,0.000101528,1.20434420947925E-005,0,0.000017701,0.0001237799,0.1186218288,0.0001722459,0.6142921658,0.0001058093,VEN
Vietnam,5124.6035198023,89708900,0.33593,0.5333333333,0.5916666667,0.269704551,3,0.2,1.5,0.06,0.8,0.05,20,0.2109005508,0.2473288002,0.8,0.2,5955.4298654502,1801.2981372105,0.1027114,0.03995232,1.1632366343,0.3470534629,22074.3695458964,6706.5456806616,0.0479350475,0.0581317336,0.217246825,0.3,0.64,0.64,0.04,0,0.0077415292,0.000065164,0,0.0001366316,0.0094382375,0.0084174532,0.0004888929,0.6802210625,0.0003325552,VNM
"Yemen, Rep.",3832.284739919,24407381,0.34606,0.3333333333,0.1666666667,0.2191314757,3,0.2,1.5,0.06,0.8,0.05,20,0.0198327467,0.0807873654,0.8,0.2,4414.7920203866,1502.2556180482,0.01687924,0,1.1169201633,0.5323193467,20200.6911773202,6639.8249135363,0.0241291907,0.0260506513,0.3,0.3,0.16,0.16,0.01,0.0006998983,0.0012606749,0,0,0,0.0015369766,0,0.00018104,0.7482654271,0.000135466,YEM
Zambia,3799.5404355805,14538640,0.40922,0.8666666667,0.5416666667,0.4257502493,3,0.2,1.5,0.06,0.8,0.05,20,0.0185922119,0.1081690505,0.8,0.2,4579.3961099834,680.1177379689,0.1767887,0.02737125,1.1900688417,0.2397246334,10772.4944947808,1531.727368241,0.0099949858,0.014376827,0.4424472127,0.7,0.64,0.64,0.04,0.0003400147,0.0006527837,0,0,0,0.0013212972,0,0.0001319122,0.4109712383,5.42121356028939E-005,ZMB
